Model,Accuracy
Random Forest,0.8532608695652174
Logistic Regression,0.842391304347826
